,source,cluster,x,y
0,businessinsider.com,1,-16.392,21.889
1,springfieldnewssun.com,1,-12.539000000000001,20.506999999999998
2,xbiz.com,1,-16.045,24.058000000000003
3,medicalxpress.com,1,-18.067999999999998,18.072
4,voanews.com,1,-17.973,18.012999999999998
5,daily-times.com,1,-14.788,20.624000000000002
6,stjoechannel.com,1,-6.7375,22.23
7,trust.org,1,-18.394000000000002,18.255
8,wfmj.com,2,4.7543,-3.1642
9,salon.com,1,-9.5783,24.719
10,q961.com,1,-10.508,24.291
11,yorkpress.co.uk,1,-10.099,24.064
12,romseyadvertiser.co.uk,3,4.0868,-11.327
13,thetottenhamindependent.co.uk,1,-9.7583,24.92
14,miamiherald.com,1,-19.785,19.205
15,irishtimes.com,1,-9.8962,24.814
16,ctpost.com,1,-13.382,24.485
17,djournal.com,1,-10.24,25.128
18,un.org,1,-20.234,19.298
19,newjerseytelegraph.com,1,-9.7228,25.43
20,marketwatch.com,0,-19.311,13.308
21,rockymounttelegram.com,1,-12.312999999999999,23.221
22,columbustelegram.com,1,-8.3385,25.143
23,jpupdates.com,1,-8.7174,25.434
24,nigeriasun.com,1,-9.5055,23.726
25,dailyjournal.net,1,-18.69,19.631
26,1470wmbd.com,1,-10.956,20.090999999999998
27,roanoke.com,1,-7.8656,24.156
28,usnews.com,1,-8.8918,24.58
29,wbaltv.com,1,-9.1049,25.068
30,braintreeandwithamtimes.co.uk,1,-8.6204,24.954
31,wlrn.org,1,-8.2104,24.982
32,detroitnews.com,1,-8.2715,24.596999999999998
33,stlouisstar.com,1,-19.167,19.498
34,journaltimes.com,1,-20.555,19.072
35,dredgingtoday.com,1,-11.936,19.276
36,reuters.com,1,-20.58,18.644000000000002
37,tampabay.com,1,-20.761999999999997,18.625999999999998
38,willmarradio.com,4,-32.326,6.4639
39,cnnphilippines.com,4,-33.010999999999996,8.0246
40,floppingaces.net,1,-8.7929,24.805
41,clclt.com,1,-15.339,21.252
42,coastalleader.com.au,4,-30.54,7.5585
43,humanitariannews.org,1,-15.280999999999999,21.365
44,rermag.com,1,-8.5001,24.031
45,wjla.com,4,-33.391,8.5661
46,thecourier.com.au,3,6.2561,-9.5314
47,daytondailynews.com,2,4.3876,-3.7011
48,morganhilltimes.com,1,-15.433,17.183
49,kazu.org,4,-33.899,8.5203
50,abc27.com,4,-32.881,7.2981
51,local15tv.com,1,-16.006,21.653000000000002
52,livejournal.com,4,-33.431999999999995,8.7026
53,journalstar.com,1,-19.984,20.500999999999998
54,myhighplains.com,0,-19.324,13.275
55,baxterbulletin.com,4,-32.827,7.8261
56,hawaiinewsnow.com,2,4.8086,-3.4876
57,thequint.com,1,-12.062000000000001,19.515
58,wokv.com,1,-9.4409,23.535999999999998
59,nymag.com,1,-14.936,22.299
60,thepublicopinion.com,1,-19.582,19.954
61,mychamplainvalley.com,1,-10.857000000000001,20.387
62,typepad.com,1,-8.9322,22.489
63,newshub.org,1,-15.36,17.233
64,fox8.com,1,-8.7829,23.502
65,nypost.com,1,-13.155999999999999,22.103
66,heraldonline.com,4,-33.596,8.1163
67,bclocalnews.com,1,-8.6122,24.433000000000003
68,santamariatimes.com,1,-14.468,22.658
69,krmg.com,4,-32.757,8.6361
70,guyraargus.com.au,4,-32.802,8.9322
71,mysanantonio.com,1,-20.287,19.755
72,trinidadexpress.com,1,-14.770999999999999,20.298
73,13wmaz.com,1,-20.369,20.118
74,celebuzz.com,4,-33.538000000000004,7.2493
75,cctv-america.com,1,-13.38,21.264
76,brooklyneagle.com,1,-20.437,20.053
77,971talk.com,2,4.6038,-3.6441
78,kabc.com,1,-20.500999999999998,19.011
79,rep-am.com,1,-8.0171,15.690999999999999
80,finchannel.com,1,-15.298,16.989
81,kezi.com,5,-20.836,7.8729
82,am1170theanswer.com,1,-20.85,18.858
83,bignewsnetwork.com,1,-20.272000000000002,19.788
84,wvik.org,1,-12.347000000000001,20.469
85,herald-review.com,1,-19.937,20.137999999999998
86,telegraphindia.com,1,-8.7891,24.269000000000002
87,southfloridagaynews.com,2,4.9048,-3.2633
88,echoofindia.com,6,8.8371,-22.191
89,963jackfm.com,1,-7.2238,25.23
90,texasgopvote.com,4,-30.414,7.5767
91,courant.com,4,-32.606,8.6071
92,westerntelegraph.co.uk,7,-23.910999999999998,30.743000000000002
93,ap.org,3,5.3251,-10.193999999999999
94,kuow.org,2,4.1401,-1.9916
95,bangladeshsun.com,4,-31.625999999999998,5.6912
96,onlinenigeria.com,4,-34.141,7.0574
97,wjhl.com,1,-7.8966,25.098000000000003
98,weisradio.com,1,-16.738,20.018
99,durangoherald.com,6,8.7982,-21.948
100,businesstimes.com.sg,1,-9.5405,21.726999999999997
101,tristateupdate.com,1,-11.408,16.114
102,newsok.com,8,17.844,-35.344
103,wnyt.com,7,-23.758000000000003,30.566
104,thenationonlineng.net,1,-9.9341,20.656999999999996
105,beat102103.com,1,-8.7955,20.816999999999997
106,kztv10.com,0,1.0917,-0.9951700000000001
107,inews880.com,1,-8.7599,26.406
108,mapleridgenews.com,1,-10.074,20.262
109,clintonherald.com,4,-31.388,5.7632
110,nine.com.au,2,4.345,-3.7808
111,novanewsnow.com,8,17.802,-35.166
112,theindependent.com,1,-9.8011,21.072
113,newyorker.com,1,-11.992,17.125999999999998
114,fayobserver.com,4,-31.515,4.7524
115,tmcnet.com,4,-30.666999999999998,5.4297
116,6abc.com,6,8.7029,-22.08
117,en.rfi.fr,1,-8.209,23.951
118,breitbart.com,9,12.030999999999999,-5.1575
119,abc22now.com,1,-13.31,19.883
120,beijingbulletin.com,1,-8.7316,26.888
121,khon2.com,4,-30.61,4.5826
122,todmordennews.co.uk,4,-31.011999999999997,5.8667
123,lancasteronline.com,4,-32.789,9.0002
124,peeblesshirenews.com,1,-7.3552,24.994
125,torontosun.com,4,-29.599,5.0421
126,wvah.com,1,-10.375,19.857
127,inquisitr.com,1,-11.972000000000001,23.149
128,newsviewsnreviews.com,1,-9.5035,20.746
129,campaignseries.co.uk,4,-29.565,4.6131
130,ktep.org,3,3.4827,-11.719000000000001
131,sheboyganpress.com,3,5.1154,-8.9924
132,rte.ie,1,-8.3004,27.915
133,astroawani.com,1,-20.709,19.726
134,wkyc.com,4,-31.385,4.8868
135,leadership.ng,10,-3.5754,20.151
136,nbcwashington.com,4,-29.103,4.2482
137,vir.com.vn,4,-29.346999999999998,2.8847
138,dailydot.com,1,-13.797,18.747
139,caller.com,8,14.939,-36.336
140,whio.com,8,17.351,-34.306
141,asiaone.com,4,-33.806,8.3767
142,macarthuradvertiser.com.au,4,-29.273000000000003,3.3359
143,newspressnow.com,11,-1.7301,13.309000000000001
144,thisdaylive.com,1,-13.479000000000001,18.4
145,14news.com,4,-29.689,6.1451
146,wmac-am.com,1,-7.2037,24.185
147,og979.com,5,-21.221,7.3901
148,stalbansreview.co.uk,4,-31.162,4.6091
149,ksla.com,4,-31.412,4.6968
150,kcbd.com,5,-21.114,8.3293
151,al-monitor.com,1,-20.660999999999998,18.008
152,bworldonline.com,3,3.2632,-11.863
153,cranbrooktownsman.com,1,-14.917,20.444000000000003
154,channel3000.com,7,-22.401999999999997,31.112
155,kdwn.com,1,-5.2101,24.761999999999997
156,baynews9.com,4,-33.772,8.6491
157,klik1240.com,3,7.2895,-8.6324
158,kmaj1440.com,1,-20.674,17.934
159,peconicpublicbroadcasting.org,1,-12.147,18.744
160,thestreetjournal.org,1,-11.169,20.623
161,babycenter.com,4,-28.088,4.9006
162,washingtonexaminer.com,1,-17.567999999999998,18.995
163,dailyprogress.com,7,-23.256999999999998,31.083000000000002
164,klkntv.com,1,-15.219000000000001,23.486
165,laweekly.com,5,-20.257,7.5431
166,recorder.com,4,-30.904,4.5454
167,seattlepi.com,1,-20.746,17.921
168,wpjljr.com,5,-21.414,8.9223
169,newswest9.com,12,-1.6531,9.2868
170,qctimes.com,4,-28.34,5.5666
171,yourcentralvalley.com,8,17.311,-36.133
172,sharenet.co.za,4,-29.215,5.478
173,staugustine.com,4,-33.812,7.6624
174,statejournal.com,4,-29.194000000000003,5.8944
175,firstcoastnews.com,1,-7.8884,27.39
176,wncn.com,1,-8.629,27.131
177,beatricedailysun.com,9,11.964,-5.0294
178,news.com.au,4,-30.636999999999997,6.3867
179,kswo.com,13,40.92,-12.66
180,ladysmithchronicle.com,2,4.7105,-3.7386
181,wtkr.com,4,-34.096,7.0586
182,goldcoastbulletin.com.au,7,-23.354,31.17
183,sputniknews.com,1,-8.5041,22.443
184,thefiscaltimes.com,1,-10.622,20.337
185,mansfieldnewsjournal.com,1,-7.625,17.56
186,greensboro.com,1,-8.314,25.8
187,wsj.com,14,-15.857000000000001,13.58
188,brproud.com,4,-29.674,4.4443
189,charlotteobserver.com,8,17.41,-35.707
190,edenmagnet.com.au,4,-30.5,4.6613
191,nripress.com,4,-31.149,4.0701
192,thedenverchannel.com,8,17.085,-35.985
193,cambodiantimes.com,8,17.401,-36.064
194,1450thefanalbany.com,1,-11.207,27.375999999999998
195,nbcnewyork.com,10,-3.7306,20.629
196,presstv.ir,7,-23.515,30.57
197,iwradio.co.uk,3,5.6505,-9.1697
198,kneb.com,1,-15.099,23.537
199,wwltv.com,6,8.4509,-22.089000000000002
200,wallowa.com,8,17.320999999999998,-35.863
201,bcrnews.com,9,14.083,-3.3753
202,redlandcitybulletin.com.au,4,-31.462,3.9105
203,kecofm.com,4,-27.513,6.0283
204,mycentraloregon.com,14,-12.485999999999999,11.583
205,asianage.com,4,-29.592,5.7895
206,newtimes.co.rw,1,-9.5724,19.586
207,northqueenslandregister.com.au,3,6.4355,-8.9544
208,kcci.com,1,-8.7533,24.288
209,seattletimes.com,15,-7.9875,-34.96
210,voiceofvienna.org,1,-11.229000000000001,15.392999999999999
211,kirkintilloch-herald.co.uk,1,-11.083,16.416
212,rtb.gov.bn,1,-8.9639,21.289
213,bozemandailychronicle.com,16,-25.023000000000003,-27.237
214,southcarolinaradionetwork.com,13,40.976000000000006,-9.5913
215,kbtx.com,1,-13.774000000000001,20.215999999999998
216,defenddemocracy.press,1,-5.3596,23.057
217,heraldnet.com,4,-30.601999999999997,3.4911
218,batesvilleheraldtribune.com,5,-20.851999999999997,7.3695
219,ktvo.com,1,-19.857,21.456
220,greensburgdailynews.com,5,-21.704,7.7858
221,post-journal.com,8,17.644000000000002,-35.756
222,kfqd.com,4,-28.416,6.0134
223,palmbeachdailynews.com,8,18.385,-35.143
224,fredericknewspost.com,2,5.3676,-5.8485
225,wvasfm.org,5,-20.679000000000002,7.7325
226,easy93.com,7,-23.406,31.474
227,wmcactionnews5.com,1,-13.956,15.215
228,thaivisa.com,4,-29.739,4.8069999999999995
229,mideasttime.com,17,-12.38,6.8091
230,dailyregister.com,1,-8.5966,18.725
231,progressillinois.com,7,-22.305999999999997,30.616999999999997
232,cotonou9ja.com,1,-14.658,20.15
233,250news.com,8,17.612000000000002,-35.339
234,nkytribune.com,13,43.763999999999996,-6.7637
235,kotatv.com,4,-29.401,6.0873
236,wwjb.com,1,-8.3123,11.804
237,jhnewsandguide.com,1,-8.9975,27.426
238,oanow.com,8,19.033,-33.629
239,northweststar.com.au,0,-18.461,26.549
240,business-standard.com,15,-7.9474,-34.937
241,oberonreview.com.au,1,-10.9,22.124000000000002
242,opednews.com,6,8.8522,-22.339000000000002
243,kgou.org,3,6.0291,-9.6121
244,whbl.com,6,9.0579,-22.401
245,earthjustice.org,5,-21.224,7.9965
246,wmbfnews.com,2,4.8163,-3.4981
247,history.com,6,8.9534,-22.443
248,wexfordecho.ie,3,3.4035,-12.088
249,ghanavibes.com,4,-32.095,3.7161
250,centralmaine.com,4,-28.03,5.2116
251,wwlp.com,1,-10.299000000000001,21.858
252,dailyrepublic.com,0,-4.0138,7.0458
253,cenlamagicfm.com,10,-3.3961,19.902
254,transcontinental.com.au,7,-22.929000000000002,30.3
255,myrecordjournal.com,14,-15.880999999999998,13.61
256,yasstribune.com.au,1,-13.727,20.325
257,npr.org,10,-3.5561,19.913
258,barossaherald.com.au,8,12.482000000000001,-35.372
259,mainichi.jp,1,-8.6966,27.741999999999997
260,kvoa.com,13,41.163999999999994,-7.2819
261,goulburnpost.com.au,18,19.134,3.0848
262,countrylegends1009.com,13,43.206,-7.4594
263,kshb.com,9,10.392999999999999,-2.783
264,windsorstar.com,4,-33.4,5.598
265,infotel.ca,15,-7.9412,-34.954
266,newstalkzb.co.nz,1,-10.081,19.351
267,mrt.com,6,8.5508,-22.302
268,kashmirdispatch.com,0,-19.618,27.154
269,stuff.co.nz,8,18.011,-36.299
270,kticradio.com,3,3.3249,-11.792
271,fark.com,6,8.4799,-21.883000000000003
272,brewminate.com,4,-27.649,5.7108
273,nationalinterest.org,1,-15.41,19.885
274,slashfilm.com,13,41.526,-5.8778
275,timesdaily.com,9,9.9961,-4.8245
276,kttc.com,7,-22.749000000000002,30.999000000000002
277,thejakartapost.com,2,6.4118,-4.495
278,crosscut.com,7,-22.781,30.666
279,kansaspublicradio.org,4,-33.077,4.4694
280,gamenguide.com,9,11.255,-5.3144
281,thedailycourier.com,2,5.3511,-2.8712
282,donnybrookmail.com.au,3,3.2655,-11.74
283,hawaiitelegraph.com,4,-30.766,4.1606
284,thedailystar.com,13,40.885999999999996,-6.8867
285,healthday.com,1,-9.4514,27.669
286,record-eagle.com,2,5.3313,-1.3445
287,nynganobserver.com.au,1,-11.819,19.592
288,waterford-news.ie,6,8.6075,-22.381
289,easternmirrornagaland.com,6,8.4165,-22.275
290,wlsam.com,10,-2.7253,19.055
291,montrealgazette.com,13,40.84,-6.702000000000001
292,stmarysstar.com.au,4,-29.804000000000002,5.4723
293,chorleycitizen.co.uk,1,-15.206,18.192999999999998
294,sbs.com.au,13,42.406000000000006,-6.5327
295,harrowtimes.co.uk,13,40.781,-7.6801
296,fox19.com,0,-19.718,27.221
297,laosnews.net,1,-8.0215,16.202
298,969therock.com,13,40.9,-5.7837
299,cnyhomepage.com,5,-21.006,8.0581
300,middevonstar.co.uk,9,10.187000000000001,-4.5916
301,fort-myers-beach-observer.com,1,-17.034000000000002,21.038
302,edmontonjournal.com,25,-8.5023,9.4406
303,bnd.com,7,-22.930999999999997,31.357
304,nehandaradio.com,13,42.755,-4.9291
305,waow.com,4,-31.368000000000002,2.7867
306,californiademocrat.com,2,4.5424,-3.0863
307,dailynews.lk,18,18.41,2.8669
308,worldbulletin.net,7,-22.296999999999997,31.141
309,sentinelandenterprise.com,2,5.2645,-1.3108
310,4029tv.com,5,-21.291,7.5125
311,wbch.com,4,-28.648000000000003,2.9203
312,albaniannews.com,1,-11.203,20.673000000000002
313,wabcradio.com,4,-30.035999999999998,4.409
314,channelnewsasia.com,1,-16.523,19.969
315,wect.com,6,8.6901,-22.177
316,longisland.com,24,16.182000000000002,16.429000000000002
317,newsobserver.com,1,-7.0134,27.781
318,catholicherald.co.uk,4,-33.426,9.465
319,siasat.com,7,-23.125,30.366
320,publishersweekly.com,7,-22.508000000000003,30.383000000000003
321,currentargus.com,7,-23.031,31.773000000000003
322,nugget.ca,7,-22.676,30.951
323,thenewfm963.com,19,42.39,-19.639
324,koreatimes.co.kr,1,-10.887,22.115
325,milwaukeesun.com,13,40.713,-6.6201
326,abc-7.com,0,-25.226,6.6295
327,chickashanews.com,7,-22.553,31.511999999999997
328,helenair.com,15,-8.0039,-34.992
329,btvi.in,1,-14.273,23.18
330,smithvilleherald.com,1,-10.195,22.87
331,fox17.com,7,-21.474,29.669
332,wjol.com,19,41.817,-18.991
333,timesofisrael.com,4,-29.706,5.8534
334,wdef.com,6,8.7972,-22.331
335,thesatellite.com.au,19,42.75,-19.828
336,newkerala.com,4,-30.255,1.9853
337,businesswire.com,15,-7.9577,-34.934
338,wtaq.com,20,0.36328,5.6301
339,bear104.com,13,41.74,-6.8074
340,dailymessenger.com.pk,19,40.686,-20.314
341,thehindubusinessline.com,13,41.64,-6.4724
342,halsteadgazette.co.uk,1,-11.985,15.690999999999999
343,kingscountynews.ca,19,41.92,-18.864
344,wfsu.org,1,-7.8732,26.498
345,inquirer.net,5,-21.131,7.1509
346,fox28.com,3,4.9553,-9.647
347,yourstory.com,19,42.644,-17.985
348,abc.net.au,19,40.135,-19.738
349,greenwichtime.com,1,-10.835999999999999,18.111
350,wtsp.com,7,-23.188000000000002,30.656999999999996
351,emtv.com.pg,1,-4.6138,23.509
352,vladtv.com,19,40.35,-20.846999999999998
353,wlrfm.com,13,42.108999999999995,-5.1035
354,france24.com,4,-31.735,3.1251
355,hpherald.com,19,39.378,-18.236
356,wamu.org,12,-1.9158,9.7933
357,capitolhillseattle.com,4,-32.126,3.497
358,beaumontenterprise.com,19,39.797,-17.612000000000002
359,singletonargus.com.au,18,19.183,3.1260000000000003
360,plymouthherald.co.uk,13,41.367,-5.2564
361,woodtv.com,4,-30.299,6.0137
362,peoplepc.com,12,-1.8514,9.6492
363,wsbtv.com,13,41.5,-6.1126
364,daily-chronicle.com,2,5.329,-1.4517
365,lutterworthmail.co.uk,8,17.377,-33.211
366,wgmd.com,19,41.894,-20.385
367,queenslandcountrylife.com.au,13,41.071000000000005,-4.8057
368,nationmultimedia.com,19,42.538000000000004,-20.976999999999997
369,kplctv.com,7,-23.529,31.138
370,kxii.com,13,39.977,-6.251
371,kvlu.org,19,41.451,-17.428
372,wordpress.com,6,9.5273,-21.88
373,rgvproud.com,20,-0.21220999999999998,4.9596
374,wesa.fm,13,42.244,-5.1286
375,richmondfreepress.com,9,9.0873,-4.8265
376,app.com,13,41.275,-5.5052
377,kpax.com,4,-31.315,3.3101
378,wacotrib.com,1,-7.4522,25.738000000000003
379,abc7amarillo.com,13,40.93,-4.0657
380,harlandaily.com,13,41.37,-5.4029
381,catholicsentinel.org,21,19.195,-28.223000000000003
382,wortfm.org,0,-19.320999999999998,13.285
383,justiceinfo.net,1,-9.5557,20.82
384,wkjc.com,19,41.246,-19.96
385,keloland.com,1,-12.617,17.102999999999998
386,witn.com,2,4.2117,-3.0903
387,alliednews.com,7,-22.428,32.003
388,neowin.net,13,41.33,-11.674000000000001
389,wbtw.com,8,18.262,-34.058
390,kaaltv.com,13,42.423,-7.3427
391,eveningsun.com,1,-10.166,27.092
392,wsbtradio.com,13,40.749,-5.8617
393,winsfordguardian.co.uk,19,40.055,-18.561
394,gazettelive.co.uk,13,40.246,-4.5089999999999995
395,wandtv.com,2,5.3068,-1.194
396,wetinhappen.com.ng,19,39.755,-20.349
397,amonpointtv.com,13,40.829,-4.5402
398,mjtimes.sk.ca,9,11.587,-6.3429
399,politico.com,22,-2.1583,-15.187999999999999
400,keyt.com,19,39.650999999999996,-19.125999999999998
401,970amtheanswer.com,2,5.2984,-1.2056
402,usda.gov,19,39.996,-20.262
403,nbcconnecticut.com,19,40.529,-19.922
404,wapt.com,13,42.515,-5.7989
405,mytwintiers.com,23,-16.344,-8.371
406,medicinehatnews.com,19,40.679,-19.282
407,newstribune.com,19,39.979,-21.531999999999996
408,localnews8.com,2,5.0851,-5.1978
409,mindanaoexaminer.com,1,-10.003,18.762
410,goshennews.com,21,19.246,-28.06
411,thehansindia.com,19,40.658,-19.535999999999998
412,hebdenbridgetimes.co.uk,1,-7.1351,17.63
413,medicarebuz.com,21,18.817,-29.426
414,thedailynewsonline.com,13,41.43899999999999,-2.9964
415,wadk.com,4,-33.8,9.4818
416,rediff.com,13,41.355,-6.7566
417,argus-press.com,13,40.159,-5.9024
418,talkradio960.com,3,3.2611,-11.767000000000001
419,azcentral.com,10,-3.4902,20.041
420,dailyillini.com,7,-23.366999999999997,29.691999999999997
421,weartv.com,8,12.667,-35.174
422,bangkokpost.com,3,5.8582,-8.1503
423,kentlive.news,22,-3.4471,-15.302999999999999
424,gympietimes.com.au,19,40.714,-19.135
425,theday.com,9,11.185,-5.2528
426,midweekherald.co.uk,13,40.906,-5.6645
427,lakeexpo.com,24,20.487,20.945999999999998
428,ann7.com,13,41.851000000000006,-4.7349
429,premierchristianradio.com,19,41.731,-17.748
430,pe.com,8,18.39,-34.277
431,staradvertiser.com,5,-20.819000000000003,8.1333
432,statesman.com,19,42.375,-19.334
433,nbc29.com,24,15.359000000000002,21.246
434,cootamundraherald.com.au,4,-30.875999999999998,3.2624
435,southernhighlandnews.com.au,13,41.183,-12.213
436,bransontrilakesnews.com,13,42.224,-6.2742
437,ktre.com,19,40.475,-19.227
438,kingdomfm.co.uk,19,39.091,-18.766
439,sltrib.com,9,12.168,-1.0136
440,kwsn.com,1,-9.236,27.51
441,wpsu.org,4,-33.835,9.4281
442,watermarkonline.com,13,41.253,-12.095
443,festivalsherpa.com,13,42.378,-4.1244
444,sedaliademocrat.com,5,-20.574,8.4947
445,bluemountaineagle.com,1,-7.4319,14.448
446,newindianexpress.com,1,-5.0972,14.741
447,centralwesterndaily.com.au,22,-3.1736,-15.458
448,capitalfm.co.ke,19,41.221000000000004,-20.051
449,dailypost.ng,13,41.327,-11.7
450,nbclosangeles.com,19,40.925,-20.75
451,wvlkam.com,8,13.954,-33.133
452,saultstar.com,13,41.495,-4.7936
453,gossipcop.com,2,5.3171,-1.2344
454,katu.com,25,-7.5302,10.627
455,wlrh.org,14,-15.886,13.6
456,delaware1059.com,3,6.2912,-10.139
457,americanthinker.com,19,41.068000000000005,-20.16
458,wcqs.org,8,14.798,-33.476
459,newstimes.com,1,-7.1687,15.805
460,freep.com,8,12.753,-32.87
461,wftw.com,19,39.317,-20.9
462,targetednews.com,8,15.302999999999999,-32.952
463,wape.com,16,-26.916,-28.767
464,kimberleybulletin.com,13,40.633,-4.5222
465,wdbj7.com,19,41.629,-21.103
466,theloop.ca,5,-19.549,6.7657
467,centraltrack.com,1,-6.5175,26.65
468,kentonline.co.uk,9,9.3471,-4.8408
469,kios.org,13,41.896,-5.6845
470,ottawaherald.com,9,12.390999999999998,-4.1994
471,wbay.com,22,-3.3171,-15.502
472,northyorkshireadvertiser.co.uk,3,5.053999999999999,-9.0876
473,ktvq.com,2,5.7564,-4.3355
474,prothom-alo.com,19,40.871,-19.601
475,twocircles.net,13,41.597,-4.6856
476,sfgate.com,7,-22.511999999999997,30.285999999999998
477,producer.com,4,-31.467,2.1371
478,mineralwellsindex.com,8,14.224,-32.208
479,unionleader.com,2,5.3121,-1.2844
480,kfiz.com,2,5.4392,-2.7423
481,internationallawoffice.com,7,-23.237,29.128
482,vovworld.vn,8,14.535,-32.814
483,houstonchronicle.com,4,-32.228,2.5095
484,omanobserver.om,22,-2.8578,-15.300999999999998
485,southcoastregister.com.au,24,15.663,20.535
486,winonadailynews.com,9,10.244000000000002,-5.602
487,ifp.co.in,8,13.833,-32.758
488,defund.com,24,16.682000000000002,20.958000000000002
489,opensources.info,8,15.020999999999999,-34.16
490,artesianews.com,8,15.092,-32.608000000000004
491,texasguardian.com,24,19.919,23.011999999999997
492,wuwf.org,18,21.479,4.4524
493,wrestlinginc.com,8,14.401,-34.369
494,joy.org.au,4,-32.465,2.7403
495,go955.com,8,14.509,-33.637
496,malaysia-chronicle.com,24,16.496,21.315
497,yourerie.com,24,18.224,20.144000000000002
498,livingstondaily.com,13,40.579,-5.2026
499,wnmufm.org,13,41.931999999999995,-4.3794
500,democratandchronicle.com,24,15.18,22.384
501,westernjournalism.com,8,13.909,-33.7
502,argusleader.com,8,14.222999999999999,-32.339
503,tickerreport.com,21,19.234,-28.07
504,indiankanoon.org,24,17.554000000000002,21.395
505,rabble.ca,1,-14.309000000000001,19.588
506,mondaymag.com,9,10.323,-3.7451
507,boom945.com,8,15.13,-33.81
508,wben.com,8,14.227,-34.439
509,wach.com,9,10.751,-4.573
510,malverngazette.co.uk,19,39.999,-17.392
511,frasercoastchronicle.com.au,24,16.433,22.509
512,kykernel.com,8,14.279000000000002,-34.134
513,dumbartonreporter.co.uk,21,19.261,-28.017
514,metro.us,5,-20.135,8.1249
515,tvtonight.com.au,8,15.329,-33.705999999999996
516,mix949.com,8,14.324000000000002,-33.488
517,japantimes.co.jp,3,8.2474,-7.9754
518,abc30.com,19,41.106,-20.558000000000003
519,bellingencourier.com.au,24,15.469000000000001,18.121
520,southwalesguardian.co.uk,13,39.878,-4.9719
521,naij.com,19,40.2,-20.651
522,wn.com,24,18.3,20.906
523,english.republika.mk,22,-3.7531,-15.186
524,thetelegraphandargus.co.uk,0,-24.524,6.8611
525,rinf.com,24,18.97,23.154
526,virginislandsdailynews.com,19,39.471,-20.062
527,vice.com,4,-31.628,8.6776
528,dunfermlinepress.com,24,17.194000000000003,19.287
529,cravenherald.co.uk,1,-12.728,17.134
530,arstechnica.co.uk,23,-16.982,-6.5856
531,2nm.com.au,1,-8.5211,14.182
532,dailytimes.com.pk,16,-27.26,-26.516
533,todayonline.com,0,10.377,1.4797
534,phillymag.com,24,19.57,21.75
535,scunthorpetelegraph.co.uk,4,-34.743,8.2127
536,navhindtimes.in,8,15.244000000000002,-33.741
537,theeagle.com,24,16.194000000000003,23.318
538,wwaytv3.com,13,43.644,-5.5902
539,chippewa.com,24,15.502,19.72
540,press-citizen.com,1,-5.6695,14.249
541,signal107.co.uk,24,16.2,19.325
542,expressandstar.com,8,15.664000000000001,-33.891
543,langleyadvance.com,3,6.5401,-10.352
544,merinews.com,8,15.782,-33.415
545,huntingtonnews.net,13,40.916,-4.5067
546,citizen.co.za,1,-12.128,18.207
547,globotimes.com,10,-2.6416,18.942
548,theepochtimes.com,8,14.354000000000001,-33.525999999999996
549,mailtimes.com.au,23,-15.945,-7.1385
550,kelownacapnews.com,24,16.974,21.86
551,vegasnews.com,22,-3.1131,-15.571
552,stroudnewsandjournal.co.uk,23,-17.269000000000002,-8.4386
553,927thedrive.net,24,17.684,22.999000000000002
554,nbc15.com,8,14.450999999999999,-32.981
555,motoringcrunch.com,9,10.029,-3.6219
556,herald.co.zw,21,19.255,-28.039
557,investing.com,24,14.59,20.809
558,whnt.com,13,40.681999999999995,-5.9568
559,globenewswire.com,24,14.353,19.27
560,theland.com.au,24,20.511999999999997,21.835
561,timesofearth.com,8,13.45,-33.523
562,abc40.com,22,-3.161,-15.722999999999999
563,theroot.com,1,-6.6048,13.592
564,nbcmiami.com,16,-28.342,-28.585
565,mdjonline.com,23,-17.252,-8.6729
566,peacearchnews.com,1,-12.370999999999999,19.519000000000002
567,kuwaittimes.net,8,15.312999999999999,-34.257
568,mangalorean.com,7,-23.811,30.041
569,avauncer.com,8,14.69,-32.551
570,q1065.fm,5,-22.311999999999998,7.5212
571,mwcnews.net,1,-5.8749,14.292
572,icitizen.com,19,40.703,-21.002
573,itv.com,8,14.919,-32.498000000000005
574,thebreakingtimes.com,7,-23.691,31.588
575,965kvki.com,8,14.765,-34.41
576,madison.com,24,17.52,18.145
577,allmediany.com,19,40.637,-18.05
578,chicagodefender.com,9,9.6495,-6.085
579,wlbz2.com,23,-16.944000000000003,-8.1562
580,the-messenger.com,24,16.804000000000002,20.528000000000002
581,ktvl.com,3,3.0556,-11.307
582,arynews.tv,24,17.480999999999998,23.48
583,latimes.com,24,18.815,19.221
584,wpbf.com,24,18.761,20.215
585,callnewspapers.com,8,13.88,-34.075
586,racing.com,8,13.62,-33.053000000000004
587,cinemablend.com,24,19.976,20.551
588,rushvillerepublican.com,19,40.896,-21.147
589,thescarboroughnews.co.uk,9,12.753,-5.6206
590,vdare.com,13,40.435,-5.1784
591,wysu.org,16,-27.241999999999997,-27.706999999999997
592,canadiancontent.net,18,21.29,3.534
593,alaskahighwaynews.ca,24,17.680999999999997,20.735
594,theind.com,24,18.332,22.177
595,nwitimes.com,19,39.548,-19.445999999999998
596,bordermail.com.au,23,-17.262999999999998,-8.5789
597,wgme.com,24,16.570999999999998,19.558
598,noosanews.com.au,1,-19.456,22.128
599,theet.com,19,41.239,-18.745
600,lawnewz.com,8,17.709,-34.76
601,mix1049.com.au,24,17.623,18.459
602,wafb.com,1,-6.5336,15.9
603,morningstaronline.co.uk,9,12.786,-3.9249
604,dw.com,4,-30.54,2.9151
605,suttoncoldfieldobserver.co.uk,8,15.435,-32.492
606,newsday.com,0,-25.179000000000002,6.7612
607,stthomastimesjournal.com,24,16.192999999999998,20.675
608,tribuneledgernews.com,18,20.781999999999996,3.4557
609,givemeliberty01.com,1,-7.9671,14.267000000000001
610,billingsgazette.com,12,-1.2315,8.4873
611,wcpo.com,2,6.4556,-3.4597
612,997wtn.com,19,40.36,-17.682000000000002
613,suntimes.com,13,40.187,-6.5123
614,lovefm.com,24,17.861,19.304000000000002
615,chapelboro.com,19,41.251000000000005,-20.668000000000003
616,mmafighting.com,8,15.039000000000001,-33.154
617,thehindu.com,18,19.537,3.1483
618,news-mail.com.au,19,40.102,-19.641
619,rare.us,24,16.471,18.919
620,klfm967.co.uk,8,14.149000000000001,-33.025
621,usc.edu,21,19.244,-28.079
622,turnto23.com,8,15.561,-33.239000000000004
623,napavalleyregister.com,4,-31.151,6.777
624,cbsnews.com,9,10.02,-5.9274
625,victorharbortimes.com.au,8,14.786,-34.241
626,ljworld.com,24,19.678,22.26
627,osundefender.org,13,41.358999999999995,-4.0999
628,themalaymailonline.com,4,-30.333000000000002,1.8921
629,bobfm.co.uk,23,-15.948,-7.2545
630,uexpress.com,23,-17.096,-7.9876
631,pakistanabroad.com,24,20.062,19.72
632,prurgent.com,23,-16.865,-8.7261
633,gbcghana.com,9,10.347999999999999,-3.5572
634,motherjones.com,8,13.913,-34.07
635,columbiamissourian.com,13,39.71,-7.4328
636,theadvocatengr.com,24,17.422,20.73
637,klif.com,19,42.585,-17.373
638,politifact.com,1,-11.074000000000002,14.942
639,kfornow.com,24,18.775,21.03
640,delconewsnetwork.com,24,18.355,17.823
641,sacbee.com,1,-8.2957,11.807
642,townhall.com,24,14.876,20.726
643,medicinenet.com,23,-16.17,-7.1506
644,focustaiwan.tw,24,17.855,20.888
645,oregonlive.com,2,5.7924,-5.7807
646,dailyastorian.com,24,18.718,20.651999999999997
647,wjbf.com,23,-17.387999999999998,-8.2332
648,leaderpost.com,20,-0.084846,5.4706
649,manchestereveningnews.co.uk,24,14.69,20.119
650,themoderatevoice.com,8,13.299000000000001,-33.536
651,pilotonline.com,24,15.499,20.073
652,masterherald.com,13,41.368,-6.4442
653,wvnn.com,16,-26.613000000000003,-25.653000000000002
654,yakimaherald.com,1,-10.35,15.19
655,winghamchronicle.com.au,24,20.032,20.086
656,theartnewspaper.com,24,18.279,18.62
657,hpuy.com,11,-2.1623,14.162
658,wiltsglosstandard.co.uk,19,40.662,-20.335
659,wbap.com,4,-31.659000000000002,1.8322
660,thisislancashire.co.uk,24,19.766,22.03
661,dunstabletoday.co.uk,9,10.555,-5.3721
662,q108.com,8,15.57,-32.986
663,mexicostar.com,8,18.428,-35.249
664,pasadenastarnews.com,24,19.173,21.938000000000002
665,andovertownsman.com,18,22.165,2.8049
666,newsbug.info,9,13.534,-3.5027
667,westerngazette.ca,16,-26.823,-27.368000000000002
668,gladstoneobserver.com.au,18,17.892,2.6251
669,niagarafallsreview.ca,24,17.680999999999997,19.549
670,rochesterfirst.com,16,-28.381999999999998,-27.513
671,ghanastar.com,13,40.628,-7.9966
672,dudleynews.co.uk,2,4.0801,-2.5659
673,BBC Monitoring,24,17.067999999999998,20.13
674,nydailynews.com,23,-15.790999999999999,-7.2485
675,ktxs.com,24,15.850999999999999,21.445999999999998
676,currentaffairs.gktoday.in,19,40.11,-19.247
677,shootonline.com,0,19.2,0.11794
678,magic1021.com,8,15.540999999999999,-35.645
679,localberkshire.co.uk,16,-27.954,-27.416
680,newstrackindia.com,10,-2.5021,18.632
681,fox59.com,3,5.7606,-10.397
682,bleacherreport.com,18,21.895,3.9531
683,pharostribune.com,24,18.147000000000002,20.414
684,mynorthwest.com,24,17.0,21.154
685,bbc.com,19,39.202,-18.593
686,thewhig.com,22,-2.9731,-15.354000000000001
687,oudaily.com,24,19.92,20.912
688,enidnews.com,23,-16.665,-8.5823
689,wcoutlook.com,8,14.811,-33.275999999999996
690,talkradio101.com,24,20.192,21.491
691,khnr.com,24,17.143,20.03
692,caribbeanbusiness.com,18,21.354,3.0567
693,thedailystar.net,9,9.3393,-3.5976
694,postcrescent.com,1,-7.4673,21.061
695,nola.com,19,40.813,-17.975
696,local21news.com,3,3.9907,-11.280999999999999
697,kompas.com,1,-6.778,25.613000000000003
698,greekherald.com,9,11.175,-5.0658
699,gjsentinel.com,10,-2.5004,18.643
700,wbmq.net,19,41.266000000000005,-19.55
701,ktul.com,12,-1.9359,9.7495
702,kyma.com,24,20.13,20.293
703,tucsonpost.com,24,17.971,20.451
704,ideastream.org,24,17.116,19.963
705,thestarpress.com,9,10.725,-3.1445
706,fijisun.com.fj,18,20.982,3.2908
707,myarklamiss.com,23,-16.785999999999998,-8.6244
708,dailysabah.com,24,19.652,21.549
709,1340wjrw.com,16,-28.237,-26.748
710,lubbockonline.com,16,-27.487,-27.669
711,insideedition.com,3,3.8,-11.556
712,everythinglubbock.com,17,-13.447000000000001,7.3603
713,gazetteandherald.co.uk,24,16.479,18.22
714,whav.net,22,-4.0931,-16.187
715,lycos.com,24,16.165,20.456
716,wlad.com,6,8.4652,-22.205
717,manipalworldnews.com,9,11.879000000000001,-1.8751
718,prnewswire.com,23,-16.823,-8.1459
719,wbbl.com,24,17.41,19.893
720,nbc12.com,1,-9.1591,28.939
721,nbc4i.com,24,16.444000000000003,19.265
722,mysinchew.com,4,-32.909,3.9530000000000003
723,wdtimes.com,1,-9.0925,27.236
724,defencenews.in,3,5.2069,-9.6744
725,samakal.net,1,-7.6317,17.570999999999998
726,newzealandstar.com,18,21.24,3.7324
727,13wham.com,1,-9.1803,15.84
728,forextv.com,25,-8.4436,9.1812
729,cbs58.com,24,15.468,18.863
730,allenbwest.com,5,-20.774,6.8043
731,thegazette.com,5,-21.069000000000003,6.9749
732,themercury.com.au,0,10.374,1.5026
733,theconservativetreehouse.com,1,-4.5831,23.54
734,southernminn.com,24,15.124,22.423000000000002
735,krtv.com,13,38.895,-4.5585
736,lasvegassun.com,9,8.9017,-3.5629
737,bracknellnews.co.uk,14,-12.775,10.6
738,messenger-inquirer.com,11,-2.1703,14.228
739,wpde.com,13,42.893,-5.4061
740,adirondackdailyenterprise.com,4,-31.053,2.2303
741,wtoc.com,16,-28.418000000000003,-27.116999999999997
742,krgv.com,12,-1.8914,9.8503
743,lillooetnews.net,23,-16.206,-7.053999999999999
744,thephuketnews.com,24,21.06,20.653000000000002
745,louthleader.co.uk,19,41.81,-18.177
746,lethbridgeherald.com,20,0.13271,5.689
747,onlineathens.com,0,1.0555,-0.97582
748,theedgemarkets.com,16,-27.412,-26.968000000000004
749,21alive.com,26,-5.3694,10.265999999999998
750,inewstoday.net,16,-27.783,-26.301
751,wistv.com,1,-4.7891,15.806
752,amarillo.com,16,-28.651999999999997,-26.993000000000002
753,effinghamdailynews.com,9,13.709000000000001,-5.1681
754,660news.com,8,18.826,-34.829
755,orilliapacket.com,24,16.135,20.054000000000002
756,skegnessstandard.co.uk,8,18.35,-35.77
757,pulseheadlines.com,16,-28.024,-26.906
758,timminspress.com,1,-10.203,15.07
759,register-herald.com,16,-27.677,-25.701999999999998
760,710wfnr.com,16,-28.289,-26.265
761,townsvillebulletin.com.au,23,-16.657,-8.6898
762,cumberlink.com,24,16.995,19.930999999999997
763,nationalmirroronline.net,23,-16.176,-7.4237
764,toptechnews.com,23,-16.152,-7.2855
765,youthkiawaaz.com,1,-7.5693,20.941
766,freakoutnation.com,19,41.477,-17.765
767,aldergrovestar.com,1,-6.2181,16.479
768,chesterlestreetadvertiser.co.uk,3,5.6132,-10.482000000000001
769,agrinews-pubs.com,1,-6.3417,15.917
770,lazer993.com,2,5.1669,-3.8852
771,necn.com,24,15.812999999999999,20.111
772,gaynz.com,18,21.851,3.5364
773,citynews.ca,16,-27.784000000000002,-27.038
774,lebanondailyrecord.com,11,-2.1411,14.093
775,asianews.it,26,-5.0618,10.209
776,fox4news.com,0,-10.790999999999999,9.3131
777,klewtv.com,1,-7.7085,14.222999999999999
778,uppermichiganssource.com,9,13.617,-2.8273
779,geo.tv,1,-6.9717,25.484
780,huffingtonpost.com,16,-28.840999999999998,-26.278000000000002
781,indiagazette.com,16,-27.671,-26.204
782,ctvnews.ca,1,-9.3758,15.755
783,newstalk990.com,21,18.702,-30.366
784,emailwire.com,16,-27.9,-27.105999999999998
785,iheart.com,17,-13.433,7.7886
786,lebanon-express.com,16,-28.807,-25.968000000000004
787,goodmenproject.com,16,-26.766,-26.985
788,weeklytimesnow.com.au,16,-28.533,-25.77
789,cctv.com,16,-27.93,-25.916999999999998
790,pointradio.com,22,-3.3336,-16.118
791,investors.com,1,-4.4248,13.225
792,freerepublic.com,16,-28.069000000000003,-27.986
793,observer-reporter.com,13,41.452,-10.797
794,philstar.com,26,-5.0563,10.275
795,independent.com.mt,11,-2.195,14.248
796,knue.com,18,21.329,4.0905
797,en.vietnamplus.vn,22,-2.6668,-15.708
798,scmp.com,13,41.364,-11.449000000000002
799,nashfm1005.com,16,-27.329,-25.563000000000002
800,theweek.in,1,-10.892000000000001,15.845
801,planetsmag.com,23,-17.32,-8.1041
802,siouxcityjournal.com,7,-23.221999999999998,31.612
803,wlip.com,26,-5.1888,10.203
804,albuquerqueexpress.com,14,-14.102,11.755999999999998
805,reviewjournal.com,21,19.262,-27.94
806,girlsjustwannahaveguns.com,18,22.154,4.2383
807,paloaltoonline.com,18,21.808000000000003,2.9909
808,wtvq.com,24,19.292,21.250999999999998
809,rawstory.com,22,-2.8194,-16.203
810,orissadiary.com,16,-27.596999999999998,-28.48
811,aero-news.net,16,-27.111,-25.983
812,londonmercury.com,11,-2.1286,14.083
813,hyperallergic.com,9,11.14,-6.3423
814,caledonianrecord.com,1,-8.5793,18.658
815,kelo.com,3,5.2276,-10.176
816,wjactv.com,16,-27.386,-27.88
817,107jamz.com,17,-13.73,8.0294
818,local8now.com,16,-29.52,-27.888
819,kaumudi.com,9,10.184,-5.188
820,palestinemonitor.org,8,15.834000000000001,-35.774
821,outlookafghanistan.net,1,-13.296,24.658
822,tuoitrenews.vn,16,-28.625999999999998,-25.416
823,tribuneonlineng.com,3,7.5469,-8.4265
824,kykx1057.com,16,-26.787,-24.215
825,thedialog.org,16,-26.201,-25.825
826,kbtt.fm,0,-4.0125,7.0397
827,tewkesburyadmag.co.uk,1,-9.7279,15.904000000000002
828,kiwiblog.co.nz,26,-5.1778,10.242
829,ripr.org,18,21.739,2.9784
830,wboc.com,15,-10.385,-37.114000000000004
831,wtol.com,16,-27.211,-26.754
832,vishwagujarat.com,24,17.165,20.721
833,alderleyedge.com,26,-5.1834,10.31
834,sunraysiadaily.com.au,18,20.699,4.817
835,occupyilluminati.com,16,-28.494,-27.767
836,newstalk1400.us,12,-1.9956,10.286
837,kxly.com,1,-7.3493,12.629000000000001
838,winnipegfreepress.com,16,-25.269000000000002,-24.912
839,begadistrictnews.com.au,16,-27.537,-26.744
840,latrobevalleyexpress.com.au,24,17.365,19.27
841,af.mil,12,-1.8469,9.5781
842,dallassun.com,4,-31.805999999999997,2.265
843,wfae.org,22,-2.73,-15.933
844,wingam.com,13,41.835,-7.8291
845,startribune.com,21,19.174,-28.265
846,nigeriastandardnewspaper.com,1,-11.545,17.143
847,independent.co.uk,9,8.5725,-5.6934
848,sconeadvocate.com.au,26,-5.093,10.219
849,bendigoadvertiser.com.au,16,-27.289,-26.552
850,crcconnection.com,1,-18.383,20.088
851,ipswichadvertiser.com.au,0,-25.244,6.6782
852,ksyl.com,16,-26.32,-26.766
853,afghanistannews.net,16,-25.912,-27.986
854,peraktoday.com.my,3,6.5116,-10.251
855,eastcountymagazine.org,15,-8.7102,-36.234
856,saintpetersblog.com,15,-9.8349,-36.775
857,bucksfreepress.co.uk,14,-14.767999999999999,12.135
858,cbs4local.com,4,-29.041,6.6282
859,suttonguardian.co.uk,1,-15.467,19.192999999999998
860,gmatclub.com,11,-2.2498,14.091
861,wsrkfm.com,16,-26.185,-28.250999999999998
862,courthousenews.com,22,-2.3455,-15.21
863,1290wlby.com,4,-32.786,3.1897
864,justsaynews.com,23,-16.95,-8.7528
865,thisislocallondon.co.uk,16,-28.849,-26.568
866,timescall.com,25,-8.4088,9.427
867,middleeaststar.com,1,-5.7097,15.834000000000001
868,reveal.co.uk,15,-10.995999999999999,-36.157
869,kob.com,19,38.043,-18.662
870,mystatesman.com,17,-13.719000000000001,8.2787
871,nikkei.com,1,-6.2549,15.592
872,impartialreporter.com,23,-17.442999999999998,-8.1492
873,ohio.com,18,21.943,3.1451
874,3wv.com,18,22.445999999999998,3.5869999999999997
875,africaleader.com,18,20.708000000000002,2.2369
876,wbtv.com,18,17.914,2.5996
877,stardem.com,17,-14.132,7.5945
878,dailyitem.com,16,-26.725,-27.878
879,octafinance.com,16,-25.823,-26.929000000000002
880,thedpost.com,15,-10.821,-36.69
881,wesh.com,13,41.592,-8.3221
882,greatfallstribune.com,17,-13.37,7.7291
883,thepresidentpost.com,18,22.531999999999996,3.3377
884,9and10news.com,2,5.9185,-3.553
885,kcaw.org,11,-2.1749,14.172
886,dailyhive.com,17,-14.071,7.9769
887,fox4kc.com,15,-9.7385,-36.538000000000004
888,mrtimes.com,15,-9.6603,-36.683
889,udaipurkiran.com,15,-10.23,-36.488
890,sookenewsmirror.com,4,-31.930999999999997,2.9217
891,hotair.com,22,-3.383,-16.034000000000002
892,ajmc.com,18,21.541,4.0742
893,fox30jax.com,21,19.252,-28.03
894,slguardian.org,18,21.693,4.3268
895,bloodyelbow.com,1,-6.5221,24.756
896,am1260thescore.com,17,-13.899000000000001,7.7255
897,jamaicaobserver.com,3,3.1662,-12.335
898,lancasterfarming.com,18,21.971999999999998,3.5578
899,basildonstandard.co.uk,9,10.149,-0.75274
900,northerndailyleader.com.au,15,-9.8617,-35.539
901,juneesoutherncross.com.au,15,-10.34,-36.855
902,krwg.org,13,41.54,-10.338
903,savingadvice.com,1,-10.105,21.104
904,guardian-series.co.uk,15,-10.842,-35.725
905,news-sentinel.com,17,-13.398,8.0174
906,sunherald.com,0,-18.405,23.078000000000003
907,news4sanantonio.com,1,-7.1446,13.845999999999998
908,tsn.ca,10,-2.6278,18.834
909,publicradioeast.org,16,-25.224,-25.994
910,morning-times.com,14,-14.474,11.762
911,wsav.com,15,-10.587,-36.763000000000005
912,nbcchicago.com,1,-12.537,15.614
913,nbcdfw.com,1,-12.154000000000002,14.706
914,rewind943.com,18,22.603,3.4433
915,vancouversun.com,26,-5.2265,10.257
916,upnorthlive.com,16,-26.180999999999997,-25.194000000000003
917,abcnews4.com,17,-13.668,7.2063
918,411mania.com,17,-13.446,7.69
919,lowkickmma.com,1,-14.027999999999999,14.439
920,timescolonist.com,18,18.539,2.8906
921,tbo.com,15,-8.6343,-36.576
922,naracoorteherald.com.au,15,-10.049,-36.876
923,easttexasmatters.com,16,-28.614,-26.815
924,campaignasia.com,4,-29.092,6.7671
925,knoxvilledailysun.com,17,-13.880999999999998,7.7312
926,canadianbusiness.com,2,5.3328,-1.0572
927,irishmirror.ie,15,-10.937999999999999,-35.846
928,kfoxtv.com,17,-13.275,8.3173
929,newsradioklbj.com,17,-13.876,7.545
930,marklevinshow.com,16,-29.538,-26.426
931,macon.com,15,-10.870999999999999,-36.573
932,twtd.co.uk,15,-10.059,-35.909
933,amwalalghad.com,15,-9.9853,-35.476
934,4ro.com.au,11,-2.1262,14.193
935,burnleyexpress.net,9,11.314,-5.9756
936,jewishjournal.com,23,-15.892999999999999,-7.6743
937,wdam.com,14,-11.73,12.318
938,mandurahmail.com.au,23,-16.98,-8.122
939,770kkob.com,8,17.542,-31.611
940,thenownewspaper.com,15,-10.623,-35.655
941,ianslive.in,1,-10.845,17.139
942,newsweek.com,8,14.328,-35.74
943,vietnamtribune.com,0,19.171,0.078251
944,heraldextra.com,20,-0.20631999999999998,4.8589
945,eyretribune.com.au,15,-10.512,-36.315
946,vicnews.com,1,-8.3386,14.959000000000001
947,readingchronicle.co.uk,15,-9.8779,-36.253
948,pointofsale.com,1,-7.2111,20.000999999999998
949,929nin.com,26,-5.2725,10.245999999999999
950,mantecabulletin.com,19,39.17,-20.34
951,venturebeat.com,22,-2.8139,-14.972000000000001
952,fox5ny.com,0,-11.027999999999999,-23.656
953,catholicnews.com,14,-11.798,11.605
954,murrayvalleystandard.com.au,6,8.9777,-21.386999999999997
955,womenofchina.cn,22,-2.4022,-15.655999999999999
956,bdtonline.com,9,12.235,-5.2411
957,fortune.com,15,-10.51,-35.594
958,readymadeinvest.com,15,-9.8487,-35.804
959,witneygazette.co.uk,17,-13.567,8.3541
960,educationinvestor.co.uk,18,22.291999999999998,3.1009
961,gazettetimes.com,15,-10.345,-35.547
962,richmond.com,15,-8.6488,-36.014
963,alltechnews.org,9,9.5402,-6.7207
964,fox10tv.com,15,-10.99,-36.102
965,sakshipost.com,14,-11.905,11.977
966,abc17news.com,16,-27.791999999999998,-25.235
967,globegazette.com,15,-9.646,-36.08
968,abc57.com,9,12.722999999999999,-4.1231
969,mmafrenzy.com,18,22.305999999999997,4.1659
970,naharnet.com,23,-17.267,-8.7288
971,wearvalleyadvertiser.co.uk,15,-10.923,-36.348
972,milfordmercury.co.uk,1,-11.722000000000001,21.296
973,eham.net,9,11.79,-4.9763
974,endtimeheadlines.org,18,22.285,4.2094
975,unionrecorder.com,18,21.519000000000002,3.6889999999999996
976,wfmd.com,22,-1.7804,-15.651
977,trustedreviews.com,8,12.735999999999999,-31.511
978,nj.com,6,9.3397,-20.416
979,cnbc.com,9,10.644,-1.0675
980,braidwoodtimes.com.au,15,-10.475999999999999,-35.532
981,wxii12.com,0,-11.027999999999999,-23.658
982,ckrw.com,17,-14.027999999999999,7.932
983,delmarvapublicradio.net,1,-15.424000000000001,22.691999999999997
984,dreadcentral.com,18,22.537,3.6425
985,wthitv.com,17,-13.99,8.0039
986,wkbn.com,22,-2.6699,-15.867
987,24tanzania.com,18,22.3,2.9783
988,koamtv.com,16,-26.421999999999997,-26.23
989,ottawasun.com,22,-2.9157,-16.445999999999998
990,devang.com,18,17.545,2.4028
991,theindianawaaz.com,17,-13.804,8.1929
992,opb.org,22,-3.5103,-15.953
993,chinatopix.com,9,9.3051,-4.1386
994,arstechnica.com,18,21.804000000000002,3.0647
995,indiewire.com,18,22.435,3.7679
996,kdvr.com,15,-9.9116,-36.109
997,theuknews.com,22,-3.8287,-14.995
998,eppingforestguardian.co.uk,0,-11.027999999999999,-23.658
999,leamingtoncourier.co.uk,15,-10.38,-36.228
